-- MySQL Script generated by MySQL Workbench
-- Fri Apr 15 11:38:37 2022
-- Model: New Model    Version: 1.0
-- MySQL Workbench Forward Engineering
-- Adapted some parts from sdvid.sql

/*!40101 SET @OLD_CHARACTER_SET_CLIENT=@@CHARACTER_SET_CLIENT */;
/*!40101 SET @OLD_CHARACTER_SET_RESULTS=@@CHARACTER_SET_RESULTS */;
/*!40101 SET @OLD_COLLATION_CONNECTION=@@COLLATION_CONNECTION */;
/*!40101 SET NAMES utf8 */;
/*!40103 SET @OLD_TIME_ZONE=@@TIME_ZONE */;
/*!40103 SET TIME_ZONE='+00:00' */;
/*!40014 SET @OLD_UNIQUE_CHECKS=@@UNIQUE_CHECKS, UNIQUE_CHECKS=0 */;
/*!40014 SET @OLD_FOREIGN_KEY_CHECKS=@@FOREIGN_KEY_CHECKS, FOREIGN_KEY_CHECKS=0 */;
/*!40101 SET @OLD_SQL_MODE=@@SQL_MODE, SQL_MODE='NO_AUTO_VALUE_ON_ZERO' */;
/*!40111 SET @OLD_SQL_NOTES=@@SQL_NOTES, SQL_NOTES=0 */;

--
-- Current Database: weatherpointdb
--

/*!40000 DROP DATABASE IF EXISTS weatherpointdb*/;
CREATE DATABASE /*!32312 IF NOT EXISTS*/ `weatherpointdb` /*!40100 DEFAULT CHARACTER SET latin1 */;
USE weatherpointdb;

-- -----------------------------------------------------
-- Schema category
-- -----------------------------------------------------
DROP TABLE IF EXISTS category;
/*!40101 SET @saved_cs_client     = @@character_set_client */;
/*!40101 SET character_set_client = utf8 */;
CREATE TABLE category (
  id INT(10) UNSIGNED NOT NULL AUTO_INCREMENT,
  name VARCHAR(45) NOT NULL,
  PRIMARY KEY (id))
ENGINE = InnoDB AUTO_INCREMENT=3 DEFAULT CHARSET=utf8;
/*!40101 SET character_set_client = @saved_cs_client */;

--
-- Dumping data for table `category`
--

LOCK TABLES category WRITE;
/*!40000 ALTER TABLE category DISABLE KEYS */;

INSERT INTO category (id, name) VALUES
(1, "Colorado 14er"),
(2, "Colorado 13er");
/*!40000 ALTER TABLE category ENABLE KEYS */;
UNLOCK TABLES;

-- -----------------------------------------------------
-- Schema mountain_range
-- -----------------------------------------------------
DROP TABLE IF EXISTS mountain_range;
/*!40101 SET @saved_cs_client     = @@character_set_client */;
/*!40101 SET character_set_client = utf8 */;
CREATE TABLE mountain_range (
  id INT(10) UNSIGNED NOT NULL AUTO_INCREMENT,
  name VARCHAR(45) NOT NULL,
  PRIMARY KEY (id))
ENGINE = InnoDB AUTO_INCREMENT=9 DEFAULT CHARSET=utf8;
/*!40101 SET character_set_client = @saved_cs_client */;

--
-- Dumping data for table `mountain_range`
--

LOCK TABLES mountain_range WRITE;
/*!40000 ALTER TABLE mountain_range DISABLE KEYS */;

INSERT INTO mountain_range (id, name) VALUES
(1, "Front"),
(2, "Tenmile"),
(3, "Mosquito"),
(4, "Sawatch"),
(5, "Gore"),
(6, "Elk"),
(7, "Sangre de Cristo"),
(8, "San Juan");
/*!40000 ALTER TABLE mountain_range ENABLE KEYS */;
UNLOCK TABLES;

-- -----------------------------------------------------
-- Schema point
-- -----------------------------------------------------

DROP TABLE IF EXISTS point;
/*!40101 SET @saved_cs_client     = @@character_set_client */;
/*!40101 SET character_set_client = utf8 */;
CREATE TABLE point (
  id INT(10) UNSIGNED NOT NULL AUTO_INCREMENT,
  name VARCHAR(45) NULL,
  category_id INT(4) NULL,
  latitude DOUBLE NOT NULL,
  longitude DOUBLE NOT NULL,
  elevation INT(6) NULL,
  range_id INT(4) NULL,
  id_url VARCHAR(45) NULL,
  cwa VARCHAR(10) NULL,
  grid_id VARCHAR(45) NULL,
  grid_x INT(4) NULL,
  grid_y INT(4) NULL,
  forecast_url VARCHAR(45) NULL,
  forecast_hourly VARCHAR(45) NULL,
  rloc_latitude DOUBLE NULL,
  rloc_longitude DOUBLE NULL,
  rloc_city VARCHAR(45) NULL,
  rloc_state CHAR(2) NULL,
  rloc_distance DOUBLE NULL,
  rloc_bearing VARCHAR(45) NULL,
  PRIMARY KEY (id))
ENGINE = InnoDB AUTO_INCREMENT=828 DEFAULT CHARSET=utf8;
/*!40101 SET character_set_client = @saved_cs_client */;


--
-- Dumping data for table `point`
--
LOCK TABLES point WRITE;
/*!40000 ALTER TABLE point DISABLE KEYS */;

INSERT INTO point (id, name, category_id, latitude, longitude, elevation, range_id) VALUES
(1, "Mt. Elbert", 1, 39.11771, -106.445335, 14433, 4),
(2, "Mt. Massive", 1, 39.187298, -106.475548, 14421, 4),
(3, "Mt. Harvard", 1, 38.924328, -106.320618, 14420, 4),
(4, "Blanca Peak", 1, 38.840542, -105.044357, 14345, 7),
(5, "La Plata Peak", 1, 38.840542, -105.044357, 14336, 4),
(6, "Uncompahgre Peak", 1, 38.071507, -107.462166, 14309, 8),
(7, "Crestone Peak", 1, 37.966972, -105.585304, 14294, 7),
(8, "Mt. Lincoln", 1, 39.351391, -106.111404, 14286, 3),
(9, "Grays Peak", 1, 38.840542, -105.044357, 14270, 1),
(10, "Mt. Antero", 1, 38.674088, -106.246201, 14269, 4),
(11, "Torreys Peak", 1, 39.642742, -105.821259, 14267, 1),
(12, "Castle Peak", 1, 39.009647, -106.861443, 14265, 6),
(13, "Quandary Peak", 1, 39.397236, -106.10643, 14265, 2),
(14, "Mt. Evans", 1, 39.58836, -105.643333, 14264, 1),
(15, "Longs Peak", 1, 40.254902, -105.615738, 14255, 1),
(16, "Mt. Wilson", 1, 37.83931, -107.99157, 14246, 8),
(17, "Mt. Cameron", 1, 39.346844, -106.118576, 14238, 3),
(18, "Mt. Shavano", 1, 38.619083, -106.239296, 14229, 4),
(19, "Crestone Needle", 1, 38.840542, -105.044357, 14197, 7),
(20, "Mt. Belford", 1, 38.960575, -106.360832, 14197, 4),
(21, "Mt. Princeton", 1, 38.840542, -105.044357, 14197, 4),
(22, "Mt. Yale", 1, 38.844051, -106.313965, 14196, 4),
(23, "Mt. Bross", 1, 38.840542, -105.044357, 14172, 3),
(24, "Kit Carson Peak", 1, 37.979759, -105.602562, 14165, 7),
(25, "El Diente Peak", 1, 38.840542, -105.044357, 14159, 8),
(26, "Maroon Peak", 1, 38.840542, -105.044357, 14156, 6),
(27, "Tabeguache Peak", 1, 38.625622, -106.25071, 14155, 4),
(28, "Mt. Oxford", 1, 38.840542, -105.044357, 14153, 4),
(29, "Mt. Sneffels", 1, 38.840542, -105.044357, 14150, 8),
(30, "Mt. Democrat", 1, 39.339542, -106.139946, 14148, 3),
(31, "Capitol Peak", 1, 39.150166, -107.083221, 14130, 6),
(32, "Pikes Peak", 1, 38.840542, -105.044357, 14110, 1),
(33, "Snowmass Mountain", 1, 39.118809, -107.066528, 14092, 6),
(34, "Windom Peak", 1, 37.621235, -107.591774, 14087, 8),
(35, "Mt. Eolus", 1, 38.840542, -105.044357, 14083, 8),
(36, "Challenger Point", 1, 37.980267, -105.606766, 14081, 7),
(37, "Mt. Columbia", 1, 38.903957, -106.297485, 14073, 4),
(38, "Missouri Mountain", 1, 38.947559, -106.378471, 14067, 4),
(39, "Humboldt Peak", 1, 37.976105, -105.555351, 14064, 7),
(40, "Conundrum Peak", 1, 39.015148, -106.863281, 14060, 6),
(41, "Mt. Bierstadt", 1, 39.582638, -105.66861, 14060, 1),
(42, "Sunlight Peak", 1, 37.627285, -107.595894, 14059, 8),
(43, "Handies Peak", 1, 37.913021, -107.504478, 14048, 8),
(44, "Culebra Peak", 1, 38.840542, -105.044357, 14047, 7),
(45, "Ellingwood Point", 1, 37.582508, -105.492569, 14042, 7),
(46, "Mt. Lindsey", 1, 37.583801, -105.444763, 14042, 7),
(47, "North Eolus", 1, 37.625416, -107.620995, 14039, 8),
(48, "Little Bear Peak", 1, 37.566624, -105.497162, 14037, 7),
(49, "Mt. Sherman", 1, 39.225006, -106.169945, 14036, 3),
(50, "Redcloud Peak", 1, 37.94088, -107.421654, 14034, 8),
(51, "Pyramid Peak", 1, 38.840542, -105.044357, 14018, 6),
(52, "Wilson Peak", 1, 37.859913, -107.984795, 14017, 8),
(53, "Wetterhorn Peak", 1, 38.060593, -107.510834, 14015, 8),
(54, "North Maroon Peak", 1, 39.076077, -106.987267, 14014, 6),
(55, "San Luis Peak", 1, 37.986897, -106.931389, 14014, 8),
(56, "Mount of the Holy Cross", 1, 39.466713, -106.481766, 14005, 4),
(57, "Huron Peak", 1, 38.945423, -106.438126, 14003, 4),
(58, "Sunshine Peak", 1, 38.840542, -105.044357, 14001, 8),
(59, "Sunlight Spire", 1, 37.62538, -107.59346, 14000, 8),
(60, "Grizzly Peak A", 2, 39.04234, -106.59757, 13988, 4),
(61, "Stewart Peak", 2, 38.02308, -106.92343, 13983, 8),
(62, "Columbia Point", 2, 37.97887, -105.59811, 13980, 7),
(63, "Kitty Kat Carson", 2, 37.97829, -105.59685, 13980, 7),
(64, "The Prow", 2, 37.97848, -105.60342, 13980, 7),
(65, "Pigeon Peak", 2, 37.63232, -107.6466, 13972, 8),
(66, "Mt. Ouray", 2, 38.42264, -106.22481, 13971, 4),
(67, "Gemini Peak", 2, 39.23476, -106.16798, 13951, 3),
(68, "Ice Mtn", 2, 38.91487, -106.43704, 13951, 4),
(69, "Fletcher Mtn", 2, 39.40333, -106.12889, 13951, 2),
(70, "Pacific Peak", 2, 39.42323, -106.12341, 13950, 2),
(71, "Cathedral Peak A", 2, 39.03427, -106.85911, 13943, 6),
(72, "French Mtn", 2, 39.12841, -106.48232, 13940, 4),
(73, "Mt. Hope A", 2, 39.02108, -106.41987, 13933, 4),
(74, "Thunder Pyramid", 2, 39.06267, -106.95173, 13932, 6),
(75, "Mt. Adams A", 2, 38.00727, -105.60475, 13931, 7),
(76, "Gladstone Peak", 2, 37.84513, -107.98415, 13913, 8),
(77, "Mt. Meeker", 2, 40.24854, -105.60503, 13911, 1),
(78, "Red Mtn A", 2, 37.11223, -105.18127, 13908, 7),
(79, "Casco Peak", 2, 39.11404, -106.49386, 13908, 4),
(80, "Emerald Peak", 2, 38.92909, -106.38121, 13904, 4),
(81, "Drift Peak", 2, 39.39938, -106.13816, 13900, 2),
(82, "Horseshoe Mtn A", 2, 39.1854, -106.185, 13898, 3),
(83, "Phoenix Peak", 2, 37.93643, -106.86644, 13895, 8),
(84, "Vermilion Peak", 2, 37.79933, -107.82847, 13894, 8),
(85, "Frasco Benchmark", 2, 39.12538, -106.4913, 13876, 4),
(86, "Cronin Peak", 2, 38.65529, -106.28332, 13870, 4),
(87, "Mt. Buckskin", 2, 39.31863, -106.14687, 13865, 3),
(88, "Vestal Peak", 2, 37.68926, -107.60281, 13864, 8),
(89, "Meeker Ridge", 2, 40.24889, -105.60178, 13860, 1),
(90, "Jones Mtn A", 2, 37.89649, -107.52642, 13860, 8),
(91, "North Apostle", 2, 38.91966, -106.43435, 13860, 4),
(92, "Clinton Peak", 2, 39.36819, -106.14875, 13857, 3),
(93, "Dyer Mtn", 2, 39.23985, -106.18318, 13855, 3),
(94, "Traver Peak", 2, 39.35861, -106.14844, 13852, 3),
(95, "Crystal Peak A", 2, 39.43457, -106.11445, 13852, 2),
(96, "Mt. Edwards", 2, 39.63637, -105.79406, 13850, 1),
(97, "California Peak", 2, 37.90666, -105.49879, 13849, 7),
(98, "Mt. Oklahoma", 2, 39.1786, -106.5064, 13845, 4),
(99, "Mt. Spalding", 2, 39.60006, -105.65714, 13842, 1),
(100, "Hagerman Peak", 2, 39.11199, -107.0602, 13841, 6),
(101, "Half Peak", 2, 37.86433, -107.4667, 13841, 8),
(102, "Atlantic Peak", 2, 39.4135, -106.12593, 13841, 2),
(103, "Turret Peak A", 2, 37.62748, -107.6399, 13835, 8),
(104, "Point 13,832", 2, 37.94708, -107.39829, 13832, 8),
(105, "Holy Cross Ridge", 2, 39.45896, -106.48588, 13831, 4),
(106, "Iowa Peak", 2, 38.9396, -106.38278, 13831, 4),
(107, "Jupiter Mtn", 2, 37.61253, -107.59204, 13830, 8),
(108, "Huerfano Peak", 2, 37.60026, -105.44792, 13828, 7),
(109, "Jagged Mtn", 2, 37.64552, -107.58405, 13824, 8),
(110, "Lackawanna", 2, 39.09356, -106.51211, 13823, 4),
(111, "Mt. Silverheels", 2, 39.3395, -106.00542, 13822, 1),
(112, "Rio Grande Pyramid", 2, 37.67963, -107.39237, 13821, 8),
(113, "Teakettle Mtn", 2, 38.0005, -107.76145, 13819, 8),
(114, "Point 13,811", 2, 37.95461, -107.37816, 13811, 8),
(115, "Dallas Peak", 2, 37.98818, -107.824, 13809, 8),
(116, "Niagara Peak", 2, 37.88931, -107.53351, 13807, 8),
(117, "American Peak", 2, 37.89943, -107.51255, 13806, 8),
(118, "Trinity Peak", 2, 37.68476, -107.5814, 13805, 8),
(119, "Castleabra", 2, 39.00725, -106.87642, 13803, 6),
(120, "Arrow Peak", 2, 37.69273, -107.61025, 13803, 8),
(121, "Organ Mtn A", 2, 37.99121, -106.89509, 13801, 8),
(122, "Obstruction Peak", 2, 37.97836, -105.5882, 13799, 7),
(123, "Arkansas Mt", 2, 39.33246, -106.17834, 13795, 3),
(124, "Column Ridge", 2, 38.01917, -106.93658, 13795, 8),
(125, "Point 13,795", 2, 37.90876, -107.481, 13795, 8),
(126, "Square Top Mtn A", 2, 39.59312, -105.76234, 13794, 1),
(127, "Rito Alto Peak", 2, 38.1028, -105.66144, 13794, 7),
(128, "Animas Mtn", 2, 37.64307, -107.62913, 13786, 8),
(129, "Potosi Peak", 2, 37.98975, -107.74934, 13786, 8),
(130, "Rinker Peak", 2, 39.03672, -106.44006, 13783, 4),
(131, "3 Peak", 2, 39.30016, -106.18268, 13781, 3),
(132, "The Sawtooth", 2, 39.59077, -105.66403, 13780, 1),
(133, "McNamee Peak", 2, 39.36262, -106.15296, 13780, 3),
(134, "Golden Horn", 2, 37.8047, -107.8249, 13780, 8),
(135, "Garfield Peak A", 2, 39.03051, -106.595, 13780, 4),
(136, "Point 13,768", 2, 39.44815, -106.48942, 13768, 4),
(137, "US Grant Peak", 2, 37.8245, -107.80727, 13767, 8),
(138, "West Trinity", 2, 37.68628, -107.58847, 13765, 8),
(139, "Magdalene Mtn", 2, 38.90695, -106.36757, 13762, 4),
(140, "Fuller Peak", 2, 37.79586, -107.82132, 13761, 8),
(141, "Bull Hill A", 2, 39.09962, -106.46263, 13761, 4),
(142, "Deer Mt. A", 2, 39.15754, -106.5212, 13761, 4),
(143, "San Miguel Peak", 2, 37.77919, -107.86447, 13752, 8),
(144, "Storm King Peak", 2, 37.67641, -107.55956, 13752, 8),
(145, "Mt. Sheridan", 2, 39.2092, -106.18488, 13748, 3),
(146, "East Trinity", 2, 37.68418, -107.57722, 13745, 8),
(147, "Mt. Aetna", 2, 38.58638, -106.32048, 13745, 4),
(148, "West Dallas", 2, 37.99141, -107.83425, 13741, 8),
(149, "South Windom", 2, 37.61772, -107.59186, 13740, 8),
(150, "West Eolus", 2, 37.62103, -107.62766, 13740, 8),
(151, "Ptarmigan Peak", 2, 39.15026, -106.1742, 13739, 3),
(152, "Argentine Peak", 2, 39.61208, -105.77712, 13738, 1),
(153, "Grizzly Peak B", 2, 37.75602, -107.86194, 13738, 8),
(154, "Pilot Knob A", 2, 37.81155, -107.82878, 13738, 8),
(155, "Sayres Benchmark", 2, 39.0094, -106.49781, 13738, 4),
(156, "Point 13,736", 2, 39.14073, -106.5239, 13736, 4),
(157, "T 0", 2, 37.99249, -107.84907, 13735, 8),
(158, "Vermejo Peak", 2, 37.09405, -105.19122, 13723, 7),
(159, "Point 13,722", 2, 39.05666, -106.95474, 13722, 6),
(160, "Animas Forks Mtn", 2, 37.94371, -107.55545, 13722, 8),
(161, "Pole Creek Mtn", 2, 37.79596, -107.43083, 13716, 8),
(162, "Silver Mtn A", 2, 38.10661, -107.44961, 13714, 8),
(163, "Point 13,712", 2, 38.63193, -106.23859, 13712, 4),
(164, "Twining Peak", 2, 39.13462, -106.56327, 13711, 4),
(165, "La Garita Peak", 2, 37.91775, -106.84139, 13710, 8),
(166, "Point 13,708", 2, 37.94991, -107.55168, 13708, 8),
(167, "Grizzly Mtn", 2, 38.64571, -106.31137, 13708, 4),
(168, "Peak Six", 2, 37.66023, -107.58534, 13705, 8),
(169, "Peak Thirteen", 2, 37.64024, -107.62489, 13705, 8),
(170, "Colony Baldy", 2, 37.99552, -105.56023, 13705, 7),
(171, "Glacier Point", 2, 37.62606, -107.61449, 13704, 8),
(172, "Treasurevault Mtn", 2, 39.30641, -106.18349, 13701, 3),
(173, "Grizzly Peak C", 2, 37.60769, -107.58165, 13700, 8),
(174, "Peak Fifteen", 2, 37.6287, -107.6359, 13700, 8),
(175, "Baldy Alto", 2, 38.00539, -106.92146, 13698, 8),
(176, "Monitor Peak", 2, 37.63731, -107.62464, 13695, 8),
(177, "Gilpin Peak", 2, 37.98643, -107.79343, 13694, 8),
(178, "Kismet", 2, 38.00021, -107.7851, 13694, 8),
(179, "Rolling Mtn", 2, 37.76595, -107.82582, 13693, 8),
(180, "Loveland Mtn", 2, 39.30852, -106.13977, 13692, 3),
(181, "Every Mtn", 2, 37.97856, -107.42627, 13691, 8),
(182, "Wheeler Mtn", 2, 39.38041, -106.13589, 13690, 2),
(183, "Cooper Creek Peak", 2, 37.96443, -107.41787, 13688, 8),
(184, "Point 13,688", 2, 37.95397, -107.53995, 13688, 8),
(185, "Cirque Mtn", 2, 38.00368, -107.77176, 13686, 8),
(186, "Bald Mtn A", 2, 39.44488, -105.97061, 13684, 1),
(187, "White Ridge", 2, 39.2134, -106.15346, 13684, 3),
(188, "Mt. Oso", 2, 37.6069, -107.49368, 13684, 8),
(189, "Peak Seven", 2, 37.66761, -107.57371, 13682, 8),
(190, "Point 13,681", 2, 38.12034, -107.45758, 13681, 8),
(191, "Purgatoire Peak", 2, 37.07225, -105.21069, 13676, 7),
(192, "Quarter Peak", 2, 37.88085, -107.45801, 13674, 8),
(193, "Mt. Tweto", 2, 39.3221, -106.16948, 13672, 3),
(194, "Mt. Jackson", 2, 39.48535, -106.53671, 13670, 4),
(195, "Mt. White", 2, 38.65676, -106.2376, 13667, 4),
(196, "K2", 2, 39.15392, -107.07688, 13664, 6),
(197, "Carbonate Mtn A", 2, 38.62665, -106.28544, 13663, 4),
(198, "Lookout Peak", 2, 37.86213, -107.78022, 13661, 8),
(199, "Northwest Pole", 2, 37.81419, -107.44642, 13660, 8),
(200, "Wood Mtn A", 2, 37.94742, -107.5381, 13660, 8),
(201, "Point 13,660 A", 2, 37.59879, -105.50119, 13660, 7),
(202, "Point 13,660 B", 2, 39.10514, -106.52051, 13660, 4),
(203, "Hamilton Peak", 2, 37.55818, -105.47492, 13658, 7),
(204, "Carson Peak", 2, 37.85749, -107.40186, 13657, 8),
(205, "Coxcomb Peak", 2, 38.08007, -107.53365, 13656, 8),
(206, "Taylor Mtn A", 2, 38.58344, -106.29964, 13651, 4),
(207, "Mt. Champion", 2, 39.13212, -106.52151, 13646, 4),
(208, "Mt. Mamma", 2, 38.67636, -106.31767, 13646, 4),
(209, "Redcliff", 2, 38.08716, -107.53316, 13642, 8),
(210, "Bard Peak", 2, 39.72044, -105.80427, 13641, 1),
(211, "Electric Pass Peak", 2, 39.04737, -106.85322, 13635, 6),
(212, "Peak 10", 2, 39.44336, -106.10285, 13633, 2),
(213, "Point 13,631", 2, 39.04723, -106.95919, 13631, 6),
(214, "Anderson Peak", 2, 39.01223, -106.6298, 13631, 4),
(215, "Esprit Point", 2, 38.60798, -106.2361, 13630, 4),
(216, "Mt. Silex", 2, 37.6702, -107.54812, 13628, 8),
(217, "White Dome", 2, 37.70412, -107.54646, 13627, 8),
(218, "West Spanish Peak", 2, 37.37567, -104.99361, 13626, 7),
(219, "Point 13,626", 2, 38.75358, -106.26759, 13626, 4),
(220, "Snowmass Peak", 2, 39.11091, -107.05563, 13620, 6),
(221, "Noname Needle", 2, 37.64621, -107.58772, 13620, 8),
(222, "The Guardian", 2, 37.6635, -107.54037, 13617, 8),
(223, "Mt. Blaurock", 2, 39.0115, -106.45373, 13616, 4),
(224, "Father Dyer Peak", 2, 39.431, -106.10512, 13615, 2),
(225, "T 12", 2, 37.86792, -107.7827, 13614, 8),
(226, "North Star Mtn", 2, 39.3767, -106.12114, 13614, 2),
(227, "Pico Aislado", 2, 37.94434, -105.55906, 13611, 7),
(228, "Tijeras Peak", 2, 37.92435, -105.54028, 13604, 7),
(229, "Jones Peak", 2, 38.63139, -106.22515, 13604, 4),
(230, "Gray Wolf Mtn", 2, 39.61726, -105.66062, 13602, 1),
(231, "North Crown Mtn", 2, 37.88232, -107.53942, 13599, 8),
(232, "Electric Peak A", 2, 38.18188, -105.70831, 13598, 7),
(233, "Cyclone Mtn A", 2, 38.6332, -106.29229, 13596, 4),
(234, "Lo Carb", 2, 38.64234, -106.29497, 13591, 4),
(235, "Matterhorn Peak", 2, 38.06516, -107.49604, 13590, 8),
(236, "Peak One", 2, 37.69742, -107.55741, 13589, 8),
(237, "Cottonwood Peak A", 2, 38.21898, -105.75635, 13588, 7),
(238, "Mt. Cosgriff", 2, 39.09723, -106.4257, 13588, 4),
(239, "McClellan Mtn", 2, 39.64317, -105.78306, 13587, 1),
(240, "Mt. Emma", 2, 37.97484, -107.79016, 13581, 8),
(241, "Point 13,581", 2, 37.83667, -107.39539, 13581, 8),
(242, "Clark Peak A", 2, 39.15231, -107.0613, 13580, 6),
(243, "Mt. Powell A", 2, 39.76009, -106.34074, 13580, 5),
(244, "Point 13,580 B", 2, 37.83774, -107.4177, 13580, 8),
(245, "Point 13,580 A", 2, 38.00065, -105.60037, 13580, 7),
(246, "Twin Peaks A", 2, 37.58999, -105.5189, 13580, 7),
(247, "Point 13,580 C", 2, 38.91111, -106.32614, 13580, 4),
(248, "Chiefs Head Peak", 2, 40.24972, -105.64165, 13579, 1),
(249, "Mt. Evans B", 2, 39.25656, -106.18155, 13577, 3),
(250, "Gravel Mtn A", 2, 37.95984, -107.54131, 13577, 8),
(251, "Point 13,577", 2, 37.6008, -105.49325, 13577, 7),
(252, "Rosalie Peak", 2, 39.55607, -105.6066, 13575, 1),
(253, "Greylock Mtn", 2, 37.61761, -107.5699, 13575, 8),
(254, "Mt. Parnassus", 2, 39.7202, -105.82276, 13574, 1),
(255, "Broken Hand Peak", 2, 38.04278, -107.47184, 13573, 7),
(256, "Weston Peak", 2, 39.13623, -106.16389, 13572, 3),
(257, "Crown Mtn", 2, 37.87988, -107.53677, 13569, 8),
(258, "Coffeepot", 2, 37.99615, -107.75657, 13568, 8),
(259, "West Apostle", 2, 38.91433, -106.44809, 13568, 4),
(260, "Gudy Peak", 2, 37.97455, -107.46054, 13566, 8),
(261, "Point 13,565", 2, 37.13995, -105.17548, 13565, 7),
(262, "Hayden Peak A", 2, 39.0593, -106.85196, 13561, 6),
(263, "Hagues Peak", 2, 40.48452, -105.64639, 13560, 1),
(264, "Wasatch Mtn", 2, 37.89004, -107.79587, 13555, 8),
(265, "Point 13,555", 2, 37.61311, -105.45581, 13555, 7),
(266, "McCauley Peak", 2, 37.59752, -107.57783, 13554, 8),
(267, "Fluted Peak", 2, 38.02426, -105.60148, 13554, 7),
(268, "Pettingell Peak", 2, 39.7286, -105.90481, 13553, 1),
(269, "Gibbs Peak A", 2, 38.16365, -105.66635, 13553, 7),
(270, "Tower Mtn", 2, 37.85744, -107.62312, 13552, 8),
(271, "Point 13,550", 2, 38.99444, -106.87792, 13550, 6),
(272, "Kuss Peak (UN 13548)", 2, 39.172454, -106.105334, 13548, 3),
(273, "Point 13,546", 2, 38.00358, -105.61889, 13546, 7),
(274, "Point 13,545", 2, 39.14415, -106.55882, 13545, 4),
(275, "T 2 (Block Tops)", 2, 37.98716, -107.80195, 13543, 8),
(276, "Whitecross Mtn", 2, 37.93056, -107.49338, 13542, 8),
(277, "Point 13,541", 2, 37.99141, -105.59178, 13541, 7),
(278, "White Rock Mtn", 2, 38.98071, -106.92752, 13540, 6),
(279, "Peak Eleven", 2, 37.62851, -107.60588, 13540, 8),
(280, "Point 13,540 A", 2, 37.96169, -107.49555, 13540, 8),
(281, "Point 13,540 B", 2, 37.85666, -108.00116, 13540, 8),
(282, "V 4", 2, 37.82069, -107.81189, 13540, 8),
(283, "Emma Burr Mtn", 2, 38.73364, -106.41674, 13538, 4),
(284, "Point 13,537", 2, 39.01472, -106.91272, 13537, 6),
(285, "Point 13,535", 2, 37.91785, -107.53264, 13535, 8),
(286, "K 49", 2, 39.15202, -106.50069, 13535, 4),
(287, "Twin Peaks A South", 2, 37.58667, -105.51915, 13534, 7),
(288, "Ervin Peak", 2, 39.00382, -106.43862, 13531, 4),
(289, "Epaulie", 2, 39.56682, -105.62315, 13530, 1),
(290, "Treasure Mtn A", 2, 39.02416, -107.12297, 13528, 6),
(291, "Leviathan Peak", 2, 37.65285, -107.57476, 13528, 8),
(292, "V 3", 2, 37.8288, -107.81288, 13528, 8),
(293, "Boulder Mtn", 2, 37.95671, -105.56665, 13528, 4),
(294, "Cataract Peak", 2, 37.868, -107.42393, 13524, 8),
(295, "Peak of the Clouds", 2, 38.11746, -105.65755, 13524, 7),
(296, "Epaulet Mtn", 2, 39.57059, -105.63181, 13523, 1),
(297, "Browns Peak", 2, 39.1135, -106.99079, 13523, 4),
(298, "Milwaukee Peak", 2, 37.94772, -105.55103, 13522, 7),
(299, "Star Peak A", 2, 38.97963, -106.79967, 13521, 6),
(300, "Point 13,517 B", 2, 37.99644, -105.59574, 13517, 7),
(301, "Trinchera Peak", 2, 37.28911, -105.16478, 13517, 7),
(302, "Point 13,517 A", 2, 38.92831, -106.42183, 13517, 4),
(303, "Keefe Peak", 2, 39.03256, -106.90432, 13516, 6),
(304, "Ypsilon Mtn", 2, 40.4572, -105.68121, 13514, 1),
(305, "Silver Peak", 2, 38.12914, -105.66988, 13513, 7),
(306, "Point 13,510 A", 2, 37.96619, -107.07058, 13510, 8),
(307, "Point 13,510 B", 2, 37.91751, -107.73775, 13510, 8),
(308, "T 11 (Bridal Peak)", 2, 37.87753, -107.76598, 13510, 8),
(309, "Telluride Peak", 2, 37.92479, -107.73596, 13509, 8),
(310, "Eureka Mtn A", 2, 38.079, -105.64093, 13507, 7),
(311, "Lake Point", 2, 37.78423, -107.87001, 13506, 8),
(312, "Petroleum Peak", 2, 39.02445, -106.6488, 13505, 4),
(313, "Fairchild Mtn", 2, 40.46853, -105.66431, 13502, 1),
(314, "North Arapaho Peak", 2, 40.0265, -105.65062, 13502, 1),
(315, "Needle Ridge", 2, 37.62714, -107.60225, 13500, 8),
(316, "Peak Sixteen", 2, 37.62865, -107.63346, 13500, 8),
(317, "Iron Nipple", 2, 37.59376, -105.45487, 13500, 7),
(318, "Point 13,500", 2, 39.12489, -106.55838, 13500, 4),
(319, "Red Mtn B", 2, 39.02513, -106.59155, 13500, 4),
(320, "Fowler Peak", 2, 37.8569, -108.0117, 13498, 8),
(321, "Hunter Peak", 2, 39.0529, -106.90388, 13497, 6),
(322, "Pagoda Mtn", 2, 40.24923, -105.62699, 13497, 1),
(323, "Mears Peak", 2, 38.00945, -107.86222, 13496, 8),
(324, "Whitehouse Mtn A", 2, 38.0202, -107.73811, 13492, 8),
(325, "Mt. Marcy", 2, 38.14591, -105.6762, 13490, 7),
(326, "Point 13,490", 2, 38.12113, -105.68538, 13490, 7),
(327, "Graystone Peak", 2, 37.68931, -107.61978, 13489, 8),
(328, "Storm Peak A", 2, 37.85935, -107.64746, 13487, 8),
(329, "Cuatro Peak", 2, 37.25837, -105.15456, 13487, 7),
(330, "Three Needles", 2, 37.88994, -107.75624, 13481, 8),
(331, "Canby Mtn", 2, 37.79923, -107.54602, 13478, 8),
(332, "Peak Three", 2, 37.69625, -107.5774, 13478, 8),
(333, "T 10", 2, 37.89498, -107.74829, 13477, 8),
(334, "Peak Two", 2, 37.70837, -107.57599, 13475, 8),
(335, "V 10", 2, 37.76277, -107.87038, 13475, 8),
(336, "La Junta Peak", 2, 37.89674, -107.78693, 13472, 8),
(337, "Peak Eighteen", 2, 37.62064, -107.60133, 13472, 8),
(338, "Chipeta Mtn", 2, 38.44767, -106.24077, 13472, 4),
(339, "Point 13,472 B", 2, 38.93422, -106.42477, 13472, 4),
(340, "Silver Mtn B", 2, 37.87699, -107.83125, 13470, 8),
(341, "Mt. Ridgway", 2, 38.0136, -107.75299, 13468, 8),
(342, "Miranda Peak", 2, 37.15109, -105.1668, 13468, 7),
(343, "Big Blue Peak", 2, 38.09464, -107.45066, 13467, 8),
(344, "Alamosito", 2, 37.08428, -105.20863, 13466, 7),
(345, "Treasury Mtn", 2, 39.01423, -107.09908, 13462, 6),
(346, "Pear Peak", 2, 38.91062, -106.40205, 13462, 4),
(347, "Point 13,462", 2, 38.95969, -106.42809, 13462, 4),
(348, "Quail Mtn", 2, 39.01795, -106.3946, 13461, 4),
(349, "Sleeping Sexton", 2, 39.08388, -106.99173, 13460, 6),
(350, "East Windom", 2, 37.6225, -107.58195, 13460, 8),
(351, "San Joaquin Ridge", 2, 37.87689, -107.81325, 13460, 8),
(352, "Point 13,460", 2, 39.00549, -106.59419, 13460, 4),
(353, "Point 13,460", 2, 39.02846, -106.50957, 13460, 4),
(354, "Ute Ridge", 2, 37.71111, -107.45776, 13455, 8),
(355, "Campbell Creek Peak", 2, 37.90666, -107.46294, 13454, 8),
(356, "Hanson Peak", 2, 37.90783, -107.60987, 13454, 8),
(357, "Kendall Peak", 2, 37.78701, -107.61843, 13451, 8),
(358, "Tundra Top", 2, 37.8593, -107.42417, 13450, 8),
(359, "Horn Peak", 2, 38.03858, -105.5861, 13450, 7),
(360, "Hurricane Peak", 2, 37.91472, -107.62158, 13447, 8),
(361, "Apache Peak", 2, 40.05847, -105.65113, 13441, 1),
(362, "S 6", 2, 38.0072, -107.84648, 13441, 8),
(363, "T 5", 2, 37.9593, -107.76361, 13436, 8),
(364, "Taylor Peak A", 2, 38.99204, -106.78261, 13435, 6),
(365, "Mascot Peak", 2, 38.8333, -106.30736, 13435, 4),
(366, "Mountaineer Peak", 2, 37.77166, -107.6079, 13434, 8),
(367, "Point 13,433", 2, 39.4766, -106.53766, 13433, 4),
(368, "Oscars Peak", 2, 37.87518, -107.79377, 13432, 8),
(369, "Sundog", 2, 37.93193, -107.43843, 13432, 8),
(370, "Twin Sisters East", 2, 37.77166, -107.78589, 13432, 8),
(371, "Jenkins Mtn", 2, 38.96511, -106.54299, 13432, 4),
(372, "Gray Needle", 2, 37.6463, -107.58934, 13430, 8),
(373, "Vallecito Mtn", 2, 37.65016, -107.56633, 13428, 8),
(374, "Grizzly Peak D", 2, 39.64419, -105.84877, 13427, 1),
(375, "Point 13,427", 2, 37.95495, -107.51545, 13427, 8),
(376, "Mummy Mtn", 2, 40.47513, -105.62341, 13425, 1),
(377, "Spread Eagle Peak", 2, 38.12509, -105.64359, 13423, 7),
(378, "Siberia Peak", 2, 39.12484, -107.08723, 13420, 6),
(379, "Rowe Peak", 2, 40.49043, -105.64556, 13420, 1),
(380, "Eagles Nest A", 2, 39.77559, -106.3504, 13420, 5),
(381, "Peak Ten", 2, 37.64322, -107.58884, 13420, 8),
(382, "The Index", 2, 37.64415, -107.63282, 13420, 8),
(383, "Twin Thumbs North", 2, 37.62865, -107.60896, 13420, 8),
(384, "Mt. SoSo", 2, 37.5962, -107.48636, 13417, 8),
(385, "Little Giant Peak", 2, 37.79659, -107.59871, 13416, 8),
(386, "Cleveland Peak", 2, 37.90426, -105.54294, 13414, 7),
(387, "Heisshorn", 2, 38.07787, -107.51173, 13411, 8),
(388, "Peak Four", 2, 37.65969, -107.6076, 13410, 8),
(389, "S 3", 2, 38.00104, -107.8416, 13410, 8),
(390, "Hilliard Peak", 2, 39.02411, -106.90959, 13409, 6),
(391, "Navajo Peak A", 2, 40.05348, -105.64648, 13409, 1),
(392, "Finnback Knob", 2, 39.19248, -106.19179, 13409, 3),
(393, "Mt. Wilcox", 2, 39.6157, -105.75703, 13408, 1),
(394, "Mariquita Peak", 2, 37.23775, -105.15279, 13405, 7),
(395, "Mt. Rhoda", 2, 37.7656, -107.60543, 13402, 8),
(396, "Peak Nine", 2, 37.66971, -107.56012, 13402, 8),
(397, "Point 13,402", 2, 37.9569, -106.84786, 13402, 8),
(398, "White Benchmark", 2, 38.97337, -106.92752, 13401, 6),
(399, "Baldy Chato", 2, 38.03877, -106.94214, 13401, 8),
(400, "Point 13,401", 2, 37.91184, -105.54245, 13401, 7),
(401, "Bartlett Mtn", 2, 39.37694, -106.15937, 13400, 3),
(402, "South Arapaho Peak", 2, 40.01956, -105.64967, 13397, 1),
(403, "Bent Peak", 2, 37.86057, -107.3806, 13393, 8),
(404, "Parry Peak A", 2, 39.83809, -105.71337, 13391, 1),
(405, "Rogers Peak", 2, 39.6155, -105.6174, 13391, 1),
(406, "East Pole Creek Mtn", 2, 37.79297, -107.41635, 13391, 8),
(407, "Chicago Peak", 2, 37.94288, -107.74416, 13385, 8),
(408, "Point 13,384", 2, 37.896, -105.55521, 13384, 7),
(409, "Prize Benchmark", 2, 38.99561, -106.6109, 13384, 4),
(410, "Baldy Cinco", 2, 37.95539, -107.10282, 13383, 8),
(411, "Gold Dust Peak", 2, 39.47904, -106.59448, 13382, 4),
(412, "Williams Mtn", 2, 39.18061, -106.61005, 13382, 4),
(413, "Precarious Peak", 2, 39.01678, -106.9627, 13380, 6),
(414, "Triangle Peak", 2, 38.99195, -106.90934, 13380, 6),
(415, "S 5", 2, 38.00568, -107.84234, 13380, 8),
(416, "South Lookout Peak", 2, 37.83701, -107.79026, 13380, 8),
(417, "Music Mtn", 2, 37.93657, -105.54855, 13380, 7),
(418, "Geissler Mtn East", 2, 39.14879, -106.57312, 13380, 4),
(419, "Italian Mtn", 2, 38.94532, -106.75214, 13378, 6),
(420, "Point 13,377", 2, 38.07166, -107.51482, 13377, 8),
(421, "Lakes Peak", 2, 38.19977, -105.72703, 13375, 7),
(422, "Twin Sisters West", 2, 37.76731, -107.79168, 13374, 8),
(423, "Point 13,374", 2, 38.93662, -106.28827, 13374, 4),
(424, "Buckskin Benchmark", 2, 39.31863, -106.14687, 13370, 6),
(425, "Mt. Guyot", 2, 39.45866, -105.93794, 13370, 1),
(426, "Dome Mtn A", 2, 37.86077, -107.59994, 13370, 8),
(427, "Monumental Peak", 2, 38.59258, -106.35801, 13369, 4),
(428, "Sultan Mtn", 2, 37.78569, -107.70379, 13368, 8),
(429, "Little Pikes Peak", 2, 38.84947, -105.05967, 13363, 1),
(430, "Pearl Mtn", 2, 38.98095, -106.83403, 13362, 6),
(431, "Engelmann Peak", 2, 39.74551, -105.80066, 13362, 1),
(432, "De Anza Peak A", 2, 38.16683, -105.68704, 13362, 7),
(433, "T 7", 2, 37.93418, -107.72316, 13359, 8),
(434, "Mt. Silverthorne", 2, 39.65398, -106.18922, 13357, 5),
(435, "Hoosier Ridge", 2, 39.38584, -106.01513, 13352, 1),
(436, "Hermit Peak A", 2, 38.09141, -105.65511, 13350, 7),
(437, "Malemute Peak", 2, 39.0202, -106.84406, 13348, 6),
(438, "Peerless Mtn", 2, 39.19811, -106.17891, 13348, 3),
(439, "Finnegan Peak (North Gold Dust)", 2, 39.49732, -106.59271, 13346, 4),
(440, "Tincup Peak", 2, 38.71824, -106.42285, 13345, 4),
(441, "Beattie Peak", 2, 37.79009, -107.82459, 13342, 8),
(442, "Point 13,342", 2, 37.70182, -107.48034, 13342, 8),
(443, "Glacier Ridge", 2, 40.25263, -105.60719, 13340, 1),
(444, "Ships Prow", 2, 40.25316, -105.60668, 13340, 1),
(445, "Kendall Mtn", 2, 37.79346, -107.6286, 13340, 8),
(446, "Point 13,340 A", 2, 38.09845, -107.4958, 13340, 8),
(447, "Point 13,340 B", 2, 37.57949, -107.47911, 13340, 8),
(448, "Twin Thumb South", 2, 37.62771, -107.60907, 13340, 8),
(449, "Mt. Herard", 2, 37.84913, -105.49475, 13340, 7),
(450, "Mt. Owen A", 2, 38.13897, -105.71428, 13340, 7),
(451, "Brown Mtn A", 2, 38.95602, -106.4366, 13339, 8),
(452, "Point 13,336", 2, 39.12289, -106.97367, 13336, 6),
(453, "Mt. Maxwell", 2, 37.24923, -105.15352, 13335, 7),
(454, "Coney Benchmark", 2, 37.86023, -107.34683, 13334, 8),
(455, "Venable Peak", 2, 38.05519, -105.62958, 13334, 7),
(456, "East Thorn", 2, 39.65361, -106.18046, 13333, 5),
(457, "De Anza Peak B", 2, 37.22406, -105.15915, 13333, 7),
(458, "Twin Peaks B", 2, 39.04239, -106.42545, 13333, 4),
(459, "Proposal Peak", 2, 37.88252, -107.62435, 13330, 8),
(460, "Point 13,330 A", 2, 37.95231, -106.94492, 13330, 8),
(461, "Cinnamon Mtn A", 2, 37.92968, -107.54589, 13328, 8),
(462, "McHenrys Peak", 2, 40.26299, -105.65725, 13327, 1),
(463, "Storm Peak B", 2, 40.26558, -105.62051, 13326, 1),
(464, "West Buffalo Peak", 2, 38.9919, -106.12457, 13326, 3),
(465, "East Storm", 2, 37.86062, -107.63908, 13325, 8),
(466, "Leahy Peak", 2, 39.04219, -106.83823, 13322, 6),
(467, "Lake Fork Peak", 2, 38.99859, -106.55393, 13322, 4),
(468, "Sunshine Mtn A", 2, 37.99556, -107.5087, 13321, 8),
(469, "Trico Peak", 2, 37.90558, -107.73837, 13321, 8),
(470, "Palmyra Peak", 2, 37.88364, -107.82921, 13319, 8),
(471, "Point 13,317", 2, 38.73774, -106.3052, 13317, 4),
(472, "T 8", 2, 37.9419, -107.71606, 13315, 8),
(473, "Baldy no es Cinco", 2, 37.95671, -107.11504, 13313, 8),
(474, "Oyster Peak", 2, 38.98579, -106.84413, 13312, 6),
(475, "C.T. Peak", 2, 37.96668, -107.60648, 13312, 8),
(476, "Booby Prize", 2, 38.99112, -106.59531, 13312, 4),
(477, "Williams Mtn South A", 2, 39.16741, -106.63237, 13312, 4),
(478, "Mt. Alice", 2, 40.23926, -105.66371, 13310, 1),
(479, "Aztec Mtn", 2, 37.59175, -107.61591, 13310, 8),
(480, "Emery Peak", 2, 37.88833, -107.62121, 13310, 8),
(481, "Point 13,310", 2, 37.58545, -107.48772, 13310, 8),
(482, "Echo Mtn", 2, 37.59141, -107.57168, 13309, 8),
(483, "V 2", 2, 37.82162, -107.79396, 13309, 8),
(484, "Point 13,308", 2, 37.70255, -107.49442, 13308, 8),
(485, "Mt. Warren", 2, 39.60519, -105.63332, 13307, 1),
(486, "P 2", 2, 37.62597, -107.51355, 13302, 8),
(487, "Geissler Mtn West", 2, 39.14522, -106.58296, 13301, 4),
(488, "Mt. Daly A", 2, 39.17205, -107.06873, 13300, 6),
(489, "East Buffalo Peak", 2, 38.98735, -106.10892, 13300, 3),
(490, "El Punto", 2, 38.08975, -107.49956, 13300, 8),
(491, "Galena Mtn A", 2, 37.82792, -107.56038, 13300, 8),
(492, "Middle Peak (Point 13,300 E)", 2, 37.85343, -108.10809, 13300, 8),
(493, "Middle Point", 2, 37.83041, -107.79297, 13300, 8),
(494, "P 3 (Point 13,300 B)", 2, 37.62484, -107.50328, 13300, 8),
(495, "Point 13,300 C", 2, 38.05705, -107.52253, 13300, 8),
(496, "Point 13,300 E", 2, 37.85896, -107.76463, 13300, 8),
(497, "Summit Peak", 2, 37.35055, -106.69688, 13300, 8),
(498, "V 8 (Point 13,300 D)", 2, 37.78408, -107.83279, 13300, 8),
(499, "Point 13,300 B", 2, 39.16296, -106.53568, 13300, 4),
(500, "Point 13,300 F", 2, 39.03491, -106.50239, 13300, 4),
(501, "Tellurium Peak", 2, 39.04444, -106.65545, 13300, 4),
(502, "Tigger Peak", 2, 38.74141, -106.22565, 13300, 4),
(503, "Point 13,295", 2, 38.98061, -106.52822, 13295, 4),
(504, "James Peak", 2, 39.85201, -105.6904, 13294, 1),
(505, "The Citadel", 2, 39.71546, -105.91182, 13294, 1),
(506, "Electric Peak B", 2, 37.69889, -107.61726, 13292, 8),
(507, "Sheep Mtn A", 2, 37.78335, -107.51754, 13292, 8),
(508, "Waverly Mtn", 2, 38.97596, -106.32401, 13292, 4),
(509, "Dolores Peak", 2, 37.84029, -108.09638, 13290, 8),
(510, "Bonita Peak", 2, 37.89698, -107.62398, 13286, 8),
(511, "Wayah Peak", 2, 39.20534, -106.52916, 13284, 4),
(512, "Peak Five", 2, 37.65681, -107.59623, 13283, 8),
(513, "Tabor Peak", 2, 39.06013, -106.66053, 13282, 4),
(514, "Truro Peak", 2, 39.04591, -106.63156, 13282, 4),
(515, "Mt. Lady Washington", 2, 40.26338, -105.60722, 13281, 1),
(516, "Grizzly Peak E", 2, 38.94244, -106.52203, 13281, 4),
(517, "Fools Pyramid (Point 13,278)", 2, 37.68755, -107.37497, 13278, 8),
(518, "Ruby Mtn A", 2, 39.61658, -105.81415, 13277, 1),
(519, "Comanche Peak A", 2, 38.04283, -105.61488, 13277, 7),
(520, "Kiowa Peak", 2, 40.04786, -105.62439, 13276, 1),
(521, "Whitney Peak", 2, 39.43277, -106.47301, 13276, 4),
(522, "Mendota Peak", 2, 37.96106, -107.77849, 13275, 8),
(523, "Seigal Mtn", 2, 37.9571, -107.56378, 13274, 8),
(524, "Crestolita", 2, 37.9549, -105.57561, 13270, 7),
(525, "Pecks Peak", 2, 38.97494, -106.36193, 13270, 4),
(526, "Twin Peaks B Northeast", 2, 39.04503, -106.42181, 13270, 4),
(527, "Antora Peak", 2, 38.32494, -106.21798, 13269, 4),
(528, "Geneva Peak", 2, 39.55368, -105.8235, 13266, 1),
(529, "Wildhorse Peak", 2, 38.01326, -107.57762, 13266, 8),
(530, "Marble Mtn A", 2, 37.955, -105.53312, 13266, 7),
(531, "Knife Point", 2, 37.63877, -107.59475, 13265, 8),
(532, "The Heisspitz", 2, 37.66443, -107.62231, 13262, 8),
(533, "Point 13,261", 2, 37.69664, -107.369, 13261, 8),
(534, "Point 13,260 A", 2, 39.00505, -106.9664, 13260, 6),
(535, "Peak G", 2, 39.73168, -106.32036, 13260, 5),
(536, "Darley Mtn", 2, 37.98276, -107.58811, 13260, 8),
(537, "Point 13,260 B", 2, 37.87518, -107.33604, 13260, 8),
(538, "V 9", 2, 37.77411, -107.8408, 13260, 8),
(539, "Whitehead Peak", 2, 37.75959, -107.60666, 13259, 8),
(540, "Broken Hill", 2, 37.92078, -107.63785, 13256, 8),
(541, "Sheep Rock Mtn", 2, 38.95431, -106.49706, 13255, 4),
(542, "Henry Mtn", 2, 38.68564, -106.62105, 13254, 4),
(543, "Van Wit", 2, 38.59903, -106.35962, 13254, 4),
(544, "Point 13,253", 2, 38.92983, -106.49055, 13253, 4),
(545, "Point 13,253 South", 2, 38.92611, -106.48929, 13253, 4),
(546, "S 8", 2, 38.01468, -107.89106, 13252, 8),
(547, "Mt. Bancroft", 2, 39.83755, -105.70033, 13250, 1),
(548, "P 1", 2, 37.63022, -107.51497, 13250, 8),
(549, "Point 13,248", 2, 39.46423, -106.46255, 13248, 4),
(550, "Peak Z", 2, 39.71402, -106.24976, 13245, 5),
(551, "Point 13,244", 2, 39.13833, -106.96803, 13244, 6),
(552, "Spring Mtn", 2, 38.05319, -105.61809, 13244, 7),
(553, "S 4", 2, 38.00695, -107.83122, 13242, 8),
(554, "Fortress Peak", 2, 38.09776, -107.53013, 13241, 8),
(555, "Landslide Peak", 2, 39.55221, -105.81623, 13238, 1),
(556, "Notch Mtn", 2, 39.47743, -106.46066, 13237, 4),
(557, "Point 13,235", 2, 38.93677, -106.50413, 13235, 4),
(558, "Mt. Sniktau", 2, 39.67846, -105.85755, 13234, 1),
(559, "Belleview Mtn A", 2, 39.04439, -106.99857, 13233, 6),
(560, "Turner Peak", 2, 38.81986, -106.37846, 13233, 4),
(561, "Cassi Peak", 2, 39.00778, -106.96107, 13232, 6),
(562, "Hesperus Mtn", 2, 37.44498, -108.08893, 13232, 8),
(563, "Point 13,232 B", 2, 38.98638, -106.50744, 13232, 4),
(564, "Peak F", 2, 39.73339, -106.32549, 13230, 5),
(565, "Peak Q", 2, 39.71923, -106.28663, 13230, 5),
(566, "Point 13,230 A", 2, 37.67538, -107.49811, 13230, 8),
(567, "Point 13,230 B", 2, 39.19508, -106.5316, 13230, 4),
(568, "Red Mtn C", 2, 39.39459, -106.02207, 13229, 1),
(569, "Point 13,229", 2, 37.1461, -105.18427, 13229, 7),
(570, "Peak Eight", 2, 37.67108, -107.56701, 13228, 8),
(571, "Mt. Audubon", 2, 40.09918, -105.61618, 13223, 1),
(572, "Macomber Peak", 2, 37.84752, -107.62195, 13222, 8),
(573, "Point 13,222 A", 2, 37.61839, -107.49221, 13222, 8),
(574, "Point 13,222 B", 2, 38.10573, -107.49018, 13222, 8),
(575, "Hagar Mtn", 2, 39.71027, -105.92124, 13220, 1),
(576, "Keyboard of the Winds", 2, 40.25392, -105.62059, 13220, 1),
(577, "Peak C", 2, 39.74986, -106.33606, 13220, 5),
(578, "Peak E", 2, 39.73799, -106.32808, 13220, 5),
(579, "California Mtn A", 2, 37.91551, -107.60648, 13220, 8),
(580, "Greenhalgh Mtn", 2, 37.78501, -107.50386, 13220, 8),
(581, "King Solomon Mtn", 2, 37.80158, -107.59292, 13220, 8),
(582, "Lavender Peak", 2, 37.44146, -108.08108, 13220, 8),
(583, "Little Finger", 2, 37.62826, -107.63221, 13220, 8),
(584, "S 7", 2, 38.00793, -107.88063, 13220, 8),
(585, "The Kurzhorn", 2, 37.6847, -107.6001, 13220, 8),
(586, "Weminuche Peak", 2, 37.61057, -107.45998, 13220, 8),
(587, "Ellingwood Ridge", 2, 39.04864, -106.46696, 13220, 4),
(588, "Point 13,220", 2, 38.9183, -106.4148, 13220, 4),
(589, "Engineer Mtn A", 2, 37.97025, -107.5883, 13218, 8),
(590, "Irving Peak", 2, 37.59498, -107.50968, 13218, 8),
(591, "Jones Mtn B", 2, 38.77328, -106.39398, 13218, 4),
(592, "Point 13,216", 2, 39.00231, -106.90978, 13216, 6),
(593, "Hassell Peak", 2, 39.7417, -105.88226, 13215, 1),
(594, "Red Peak A", 2, 39.39102, -106.00416, 13215, 1),
(595, "Hardrocker", 2, 37.80563, -107.55163, 13214, 8),
(596, "Fairview Peak A", 2, 38.68305, -106.53651, 13214, 4),
(597, "Peak L", 2, 39.74244, -106.2794, 13213, 5),
(598, "Campbell Peak", 2, 37.98706, -107.85481, 13213, 8),
(599, "Thirsty Peak", 2, 38.2094, -105.73639, 13213, 7),
(600, "Point 13,212", 2, 39.21477, -106.52814, 13212, 4),
(601, "Lambertson Peak", 2, 38.95177, -106.75546, 13209, 6),
(602, "Gladstone Ridge", 2, 38.78247, -106.34797, 13209, 4),
(603, "Homestake Peak", 2, 39.36751, -106.41462, 13209, 4),
(604, "Teocalli Mtn", 2, 38.96052, -106.88388, 13208, 6),
(605, "Powell Peak", 2, 40.26585, -105.66479, 13208, 1),
(606, "Hayden Mtn South", 2, 37.95446, -107.70248, 13206, 8),
(607, "Point 13,206", 2, 38.07411, -107.52494, 13206, 8),
(608, "Jacque Peak", 2, 39.45469, -106.19702, 13205, 5),
(609, "Mt. Nebo", 2, 37.67626, -107.50851, 13205, 8),
(610, "Eagle Peak A", 2, 38.22939, -105.72226, 13205, 7),
(611, "Lenawee Mtn", 2, 39.62987, -105.85521, 13204, 1),
(612, "Bennett Peak", 2, 37.48335, -106.43391, 13203, 8),
(613, "Tuttle Mtn", 2, 37.93403, -107.61239, 13203, 8),
(614, "Leaning South Peak", 2, 37.2747, -105.15982, 13203, 7),
(615, "Williams Mtn South B", 2, 39.17391, -106.61544, 13203, 4),
(616, "Point 13,202", 2, 39.16155, -106.55161, 13202, 4),
(617, "Point 13,201", 2, 38.03897, -107.52507, 13201, 8),
(618, "Mountain Boy Peak", 2, 39.07948, -106.57707, 13198, 4),
(619, "Peak 9", 2, 39.45182, -106.10537, 13195, 2),
(620, "London Mtn", 2, 39.28442, -106.15818, 13194, 3),
(621, "Mt. Moss", 2, 37.43892, -108.07807, 13192, 8),
(622, "Fancy Peak", 2, 39.41858, -106.50518, 13192, 4),
(623, "Red Peak B", 2, 39.6366, -106.17102, 13189, 5),
(624, "Sheep Mtn B", 2, 37.7853, -107.88604, 13188, 8),
(625, "Mt. Valois", 2, 37.57416, -107.58491, 13185, 8),
(626, "Rowe Mtn", 2, 40.49688, -105.64824, 13184, 1),
(627, "Beaubien Peak", 2, 37.19654, -105.16631, 13184, 7),
(628, "Bullion Mtn", 2, 37.58471, -107.60422, 13182, 8),
(629, "Point 13,180 B", 2, 39.04131, -106.96452, 13180, 6),
(630, "Santa Fe Peak", 2, 39.56883, -105.83696, 13180, 1),
(631, "Southwest Lenawee", 2, 39.62519, -105.86103, 13180, 1),
(632, "Mt. Valhalla", 2, 39.66131, -106.21823, 13180, 5),
(633, "Babcock Peak", 2, 37.42851, -108.07678, 13180, 8),
(634, "Grand Turk", 2, 37.77641, -107.69584, 13180, 8),
(635, "Point Pun", 2, 37.68696, -107.63043, 13180, 8),
(636, "Point 13,180 A", 2, 37.99649, -107.39564, 13180, 8),
(637, "Point 13,180 C", 2, 37.95612, -106.93751, 13180, 8),
(638, "Yellow Mtn South", 2, 37.81844, -107.83402, 13177, 8),
(639, "Copeland Mtn", 2, 40.18202, -105.64655, 13176, 1),
(640, "Conejos Peak", 2, 37.28863, -106.57102, 13172, 8),
(641, "Point 13,169", 2, 37.659, -107.4893, 13169, 8),
(642, "Sheep Mtn C", 2, 38.15881, -107.46588, 13168, 8),
(643, "Amherst Mtn", 2, 37.56516, -107.55954, 13165, 8),
(644, "Stony Pass Peak", 2, 37.79068, -107.5528, 13165, 8),
(645, "Kelso Mtn", 2, 39.65891, -105.80044, 13164, 1),
(646, "Point 13,164", 2, 37.84723, -107.47533, 13164, 8),
(647, "Mt. Helen", 2, 39.42841, -106.08765, 13164, 2),
(648, "Point 13,162 B", 2, 38.9897, -106.89297, 13162, 6),
(649, "Point 13,162 A", 2, 37.95368, -107.07917, 13162, 8),
(650, "Point 13,159", 2, 37.86145, -107.75612, 13159, 8),
(651, "Point 13,158", 2, 38.05422, -107.43806, 13158, 8),
(652, "Twilight Peak", 2, 37.66306, -107.72706, 13158, 8),
(653, "Window Peak", 2, 37.66639, -107.3936, 13157, 8),
(654, "V 5", 2, 37.82597, -107.76992, 13156, 8),
(655, "Baldy Mtn A", 2, 39.14762, -106.96634, 13155, 6),
(656, "Point 13,155", 2, 37.96741, -106.92028, 13155, 8),
(657, "Taylor Peak B", 2, 40.27455, -105.68067, 13153, 1),
(658, "Medano Peak", 2, 37.86135, -105.49234, 13153, 7),
(659, "Point 13,153", 2, 38.01331, -105.615, 13153, 7),
(660, "Could Be", 2, 37.79376, -107.53955, 13152, 8),
(661, "Pomeroy Mtn A", 2, 38.62724, -106.34139, 13151, 4),
(662, "Arikaree Peak", 2, 40.04664, -105.63846, 13150, 1),
(663, "Montezuma Peak", 2, 37.37308, -106.69162, 13150, 8),
(664, "South River Peak", 2, 37.57391, -106.9816, 13148, 8),
(665, "Point 13,147", 2, 38.60461, -106.33747, 13147, 4),
(666, "Mt. Flora", 2, 39.8049, -105.73616, 13146, 1),
(667, "Point 13,145 A", 2, 37.90549, -107.78884, 13145, 8),
(668, "Point 13,145 B", 2, 39.18769, -106.53292, 13145, 4),
(669, "Precipice Peak", 2, 38.11907, -107.5355, 13144, 8),
(670, "Little Horn Peak", 2, 38.02518, -105.58431, 13143, 7),
(671, "Willoughby Mtn", 2, 39.14263, -106.99531, 13142, 6),
(672, "Point 13,140", 2, 39.02977, -106.96592, 13140, 6),
(673, "Dicker's Peck", 2, 40.05375, -105.64731, 13140, 1),
(674, "Robeson Peak", 2, 39.73344, -105.80624, 13140, 1),
(675, "Guyselman Mtn", 2, 39.74942, -106.2751, 13140, 5),
(676, "Emerson Mtn", 2, 37.55715, -107.56053, 13140, 8),
(677, "Peak Twelve", 2, 37.63242, -107.61905, 13140, 8),
(678, "Point 13,140 B", 2, 37.88398, -107.3239, 13140, 8),
(679, "Point 13,140 C", 2, 37.61106, -107.4665, 13140, 8),
(680, "Point 13,140", 2, 38.95539, -106.52653, 13140, 4),
(681, "West Truro (Point 13,140)", 2, 39.04439, -106.63984, 13140, 4),
(682, "West Virginia", 2, 38.96291, -106.49699, 13140, 4),
(683, "Hayden Mtn North", 2, 37.96785, -107.68926, 13139, 8),
(684, "Savage Peak", 2, 39.38036, -106.52038, 13139, 4),
(685, "Ogalalla Peak", 2, 40.16995, -105.6669, 13138, 1),
(686, "Hunchback Mtn", 2, 37.70529, -107.53139, 13136, 8),
(687, "Francisco Peak", 2, 37.18212, -105.16632, 13135, 7),
(688, "Sullivan Mtn", 2, 39.56291, -105.82899, 13134, 1),
(689, "S 9", 2, 38.02518, -107.89112, 13134, 8),
(690, "Point 13,132", 2, 37.99317, -107.59738, 13132, 8),
(691, "Sewanee Peak", 2, 38.61116, -106.34382, 13132, 4),
(692, "Point 13,130", 2, 39.0308, -106.96797, 13130, 6),
(693, "Mt. Eva", 2, 39.82772, -105.71901, 13130, 1),
(694, "Rain Peak", 2, 39.66228, -106.18281, 13130, 5),
(695, "Black Benchmark", 2, 39.72899, -106.31871, 13129, 5),
(696, "Lomo Liso Mtn", 2, 37.17196, -105.1734, 13128, 7),
(697, "Pika Peak", 2, 39.4681, -106.59145, 13126, 4),
(698, "Mt. Kennedy", 2, 37.58906, -107.62692, 13125, 8),
(699, "Boskoff Peak (Point 13,123 A)", 2, 37.85549, -108.03112, 13123, 8),
(700, "Spiller Peak", 2, 37.42812, -108.08709, 13123, 8),
(701, "Point 13,123 B", 2, 38.21443, -105.74495, 13123, 7),
(702, "Peters Peak", 2, 37.6159, -107.48538, 13122, 8),
(703, "Point 13,122", 2, 38.11692, -105.70658, 13122, 7),
(704, "Peak N", 2, 39.7591, -106.27384, 13121, 5),
(705, "Point 13,121", 2, 37.62191, -107.56338, 13121, 8),
(706, "Isolation Peak", 2, 40.20241, -105.6778, 13118, 1),
(707, "Cupid", 2, 39.65783, -105.85679, 13117, 1),
(708, "Lizard Head", 2, 37.83584, -107.95056, 13113, 8),
(709, "Fitzpatrick Peak", 2, 38.69806, -106.45159, 13112, 4),
(710, "Cow Benchmark", 2, 38.0201, -107.62115, 13111, 8),
(711, "Point 13,111", 2, 37.96937, -106.98716, 13111, 8),
(712, "Hancock Peak", 2, 38.61692, -106.36672, 13111, 4),
(713, "Point 13,110", 2, 37.6874, -107.50291, 13110, 8),
(714, "Point 13,109", 2, 37.75857, -107.618, 13109, 8),
(715, "Thunder Mtn A", 2, 37.60475, -107.56061, 13108, 8),
(716, "Williams Mtn North", 2, 39.19146, -106.60604, 13108, 4),
(717, "Point 13,106", 2, 38.07122, -107.42094, 13106, 8),
(718, "Peak Twenty Two (Point 13,105)", 2, 37.55192, -107.55721, 13105, 8),
(719, "Bushnell Peak", 2, 38.34126, -105.88907, 13105, 7),
(720, "5 Thumb", 2, 39.74713, -106.27618, 13100, 5),
(721, "Peak C Prime", 2, 39.7485, -106.33454, 13100, 5),
(722, "Peak H", 2, 39.72699, -106.31517, 13100, 5),
(723, "Baldy Lejos", 2, 37.99405, -107.00062, 13100, 8),
(724, "Corbett Peak", 2, 38.02694, -107.73384, 13100, 8),
(725, "Point 13,100 B", 2, 38.14596, -107.46743, 13100, 8),
(726, "South Twilight Peak", 2, 37.6592, -107.72362, 13100, 8),
(727, "Leaning North Peak", 2, 37.28203, -105.15989, 13100, 7),
(728, "Point 13,100 C", 2, 37.5744, -105.51263, 13100, 7),
(729, "Middle Mtn A", 2, 39.01282, -106.57556, 13100, 4),
(730, "Point 13,100 A", 2, 39.44063, -106.57764, 13100, 4),
(731, "Tomboy Peak", 2, 37.94723, -107.7515, 13095, 8),
(732, "Mt. Kreutzer", 2, 38.7569, -106.41555, 13095, 4),
(733, "Point 13,093", 2, 37.99263, -107.53414, 13093, 8),
(734, "Point 13,091", 2, 38.07279, -107.38792, 13091, 8),
(735, "Mt. Solitude", 2, 39.68586, -106.26131, 13090, 5),
(736, "Point 13,090", 2, 39.06037, -106.63683, 13090, 4),
(737, "Paiute Peak", 2, 40.0981, -105.63292, 13088, 1),
(738, "Virginia Peak", 2, 38.96526, -106.48304, 13088, 4),
(739, "Spencer Peak", 2, 37.77218, -107.70283, 13087, 8),
(740, "Keller Mtn", 2, 39.69022, -106.23135, 13085, 5),
(741, "Peak X", 2, 39.70534, -106.26003, 13085, 5),
(742, "Peak Twenty One", 2, 37.55707, -107.56512, 13085, 8),
(743, "Point 13,085", 2, 39.43251, -106.56263, 13085, 4),
(744, "Boreas Mtn", 2, 39.40622, -105.9486, 13082, 1),
(745, "Huerfanito", 2, 37.58462, -105.46422, 13081, 7),
(746, "North Traverse Peak", 2, 39.67103, -106.23921, 13079, 5),
(747, "Whale Peak", 2, 39.49449, -105.86637, 13078, 1),
(748, "Point 13,078", 2, 38.73941, -106.33201, 13078, 4),
(749, "Snowdon Peak", 2, 37.70778, -107.68905, 13077, 8),
(750, "Winfield Peak", 2, 38.97592, -106.48153, 13077, 4),
(751, "Florida Mtn", 2, 37.58212, -107.59407, 13076, 8),
(752, "North Twilight Peak", 2, 37.66912, -107.72817, 13075, 8),
(753, "Point 13,075", 2, 37.90422, -107.59298, 13075, 8),
(754, "Mt. Garfield B", 2, 37.69464, -107.63627, 13074, 8),
(755, "West Tellurium", 2, 39.04586, -106.67363, 13074, 4),
(756, "Blackwall Mtn", 2, 38.02851, -107.56471, 13073, 8),
(757, "Hunts Peak", 2, 38.3831, -105.94582, 13071, 7),
(758, "Devils Playground Peak", 2, 38.86423, -105.07081, 13070, 1),
(759, "Sheep Mtn D", 2, 37.54605, -107.55752, 13070, 8),
(760, "Point 13,070", 2, 38.633, -106.33324, 13070, 4),
(761, "Mt. Chiquita", 2, 40.444, -105.68902, 13069, 1),
(762, "Point 13,069", 2, 37.82997, -107.52956, 13069, 8),
(763, "Kendall Benchmark", 2, 37.79395, -107.64204, 13066, 8),
(764, "Point 13,062 B", 2, 39.09332, -107.03004, 13062, 6),
(765, "Centennial Peak", 2, 37.44718, -108.07696, 13062, 8),
(766, "West Needle Mtn", 2, 37.64943, -107.72153, 13062, 8),
(767, "Point 13,062 A", 2, 38.09483, -105.68941, 13062, 7),
(768, "Point 13,060 B", 2, 39.14938, -107.0518, 13060, 6),
(769, "Palomino Point", 2, 39.6631, -106.21977, 13060, 5),
(770, "Point 13,060 C", 2, 37.61008, -107.48507, 13060, 8),
(771, "Point 13,060 D", 2, 38.12538, -107.43806, 13060, 8),
(772, "Saint Sophia Ridge", 2, 37.96824, -107.78442, 13060, 8),
(773, "Silver Mesa", 2, 37.58203, -107.60102, 13060, 8),
(774, "Point 13,060 A", 2, 38.08916, -105.68929, 13060, 7),
(775, "Igloo Peak", 2, 39.08374, -106.58453, 13060, 4),
(776, "Middle Mtn B", 2, 38.968, -106.43059, 13060, 4),
(777, "Mt. Owen B", 2, 38.9091, -107.12497, 13058, 6),
(778, "East Partner Peak", 2, 39.69943, -106.27732, 13057, 5),
(779, "Chalk Rock Mtn", 2, 38.77929, -106.41368, 13055, 4),
(780, "Point 13,054", 2, 38.06023, -105.65897, 13054, 7),
(781, "Houghton Mtn", 2, 37.94053, -107.58645, 13052, 8),
(782, "Point 13,051", 2, 38.10602, -107.42985, 13051, 8),
(783, "Dead Man Peak", 2, 37.9073, -105.5589, 13050, 7),
(784, "Point 13,050", 2, 38.71326, -106.39604, 13050, 4),
(785, "Green Mtn A", 2, 37.79444, -107.56179, 13049, 8),
(786, "Peak D", 2, 39.74254, -106.33139, 13047, 5),
(787, "West Dyer Mtn", 2, 39.24361, -106.19493, 13047, 3),
(788, "South Snowdon", 2, 37.69928, -107.69249, 13046, 8),
(789, "Eagle Peak B", 2, 39.44532, -106.58142, 13043, 4),
(790, "Point 13,042", 2, 37.78149, -107.75008, 13042, 8),
(791, "Grand Traverse Peak", 2, 39.66221, -106.23449, 13041, 5),
(792, "West Partner Peak", 2, 39.70563, -106.29156, 13041, 5),
(793, "Wolcott Mtn", 2, 38.01614, -107.8474, 13041, 8),
(794, "Point 13,039", 2, 39.09688, -106.99479, 13039, 6),
(795, "Old Baldy", 2, 40.01717, -105.6377, 13038, 1),
(796, "United States Mtn", 2, 37.95661, -107.73928, 13036, 8),
(797, "West 6 Peak", 2, 38.71795, -107.19944, 13035, 6),
(798, "Point 13,034", 2, 37.94664, -107.00834, 13034, 8),
(799, "Williams Mtn South C", 2, 39.14796, -106.64172, 13033, 4),
(800, "Organ Mtn B", 2, 37.56775, -107.55371, 13032, 8),
(801, "Point 13,030", 2, 37.60715, -107.50722, 13030, 8),
(802, "Point 13,028", 2, 38.081, -105.6807, 13028, 7),
(803, "Point 13,026", 2, 39.1851, -106.55851, 13026, 4),
(804, "Snow Peak", 2, 39.64948, -106.21857, 13024, 5),
(805, "Van Wirt Mtn", 2, 38.60597, -106.36466, 13024, 4),
(806, "Niwot Ridge", 2, 40.05522, -105.63525, 13023, 1),
(807, "Point 13,020 B", 2, 39.11834, -106.9812, 13020, 6),
(808, "North Irving", 2, 37.60011, -107.51042, 13020, 8),
(809, "Point 13,020 C", 2, 37.96643, -107.05329, 13020, 8),
(810, "Point 13,020 D", 2, 37.983, -106.99932, 13020, 8),
(811, "S 10", 2, 38.02704, -107.90625, 13020, 8),
(812, "The Unicorn", 2, 37.36658, -106.69932, 13020, 8),
(813, "Point 13,020 A", 2, 37.94151, -105.57048, 13020, 7),
(814, "Cuba Benchmark", 2, 37.84146, -107.52217, 13019, 8),
(815, "Point 13,017", 2, 37.65167, -107.39527, 13017, 8),
(816, "Point 13,016", 2, 38.1243, -107.4149, 13016, 8),
(817, "Point 13,015", 2, 37.968, -106.86588, 13015, 8),
(818, "Chief Mtn A", 2, 37.63647, -107.20907, 13014, 8),
(819, "Hope Mtn", 2, 37.59977, -107.59124, 13012, 8),
(820, "Twin Sisters North", 2, 38.35236, -105.90191, 13012, 7),
(821, "Golden Bear Peak", 2, 39.6939, -105.92004, 13010, 1),
(822, "Point 13,010", 2, 37.60602, -107.24456, 13010, 8),
(823, "Pennsylvania Mtn", 2, 39.26463, -106.14203, 13006, 3),
(824, "Climber's Point", 2, 39.67978, -106.25822, 13005, 5),
(825, "Ruffner Mtn", 2, 38.00539, -107.88624, 13003, 8),
(826, "Point 13,003", 2, 39.21243, -106.56772, 13003, 4),
(827, "Point 13,001", 2, 39.16379, -106.56766, 13001, 4);
/*!40000 ALTER TABLE point ENABLE KEYS */;
UNLOCK TABLES;


DROP USER IF EXISTS 'weather'@'localhost';
CREATE USER 'weather'@'localhost' identified by 'password';
-- SET PASSWORD FOR 'weather'@'localhost' = 'password';
GRANT INSERT, UPDATE, DELETE, SELECT on point TO 'weather'@'localhost';
GRANT INSERT, UPDATE, DELETE, SELECT on category TO 'weather'@'localhost';
GRANT INSERT, UPDATE, DELETE, SELECT on mountain_range TO 'weather'@'localhost';

-- -----------------------------------------------------
-- Final settings
-- -----------------------------------------------------

/*!40103 SET TIME_ZONE=@OLD_TIME_ZONE */;

/*!40101 SET SQL_MODE=@OLD_SQL_MODE */;
/*!40014 SET FOREIGN_KEY_CHECKS=@OLD_FOREIGN_KEY_CHECKS */;
/*!40014 SET UNIQUE_CHECKS=@OLD_UNIQUE_CHECKS */;
/*!40101 SET CHARACTER_SET_CLIENT=@OLD_CHARACTER_SET_CLIENT */;
/*!40101 SET CHARACTER_SET_RESULTS=@OLD_CHARACTER_SET_RESULTS */;
/*!40101 SET COLLATION_CONNECTION=@OLD_COLLATION_CONNECTION */;
/*!40111 SET SQL_NOTES=@OLD_SQL_NOTES */;
